Name,Year,FIPS,Count,Solved
Alcona,1979,26001,1,0.0
Alcona,1980,26001,1,0.0
Alcona,1981,26001,1,1.0
Alcona,1985,26001,1,1.0
Alcona,1987,26001,1,1.0
Alcona,1988,26001,1,1.0
Alcona,1994,26001,1,0.0
Alcona,1995,26001,1,1.0
Alcona,2000,26001,2,1.0
Alcona,2005,26001,1,0.0
Alcona,2006,26001,1,1.0
Alcona,2007,26001,2,1.0
Alcona,2009,26001,1,0.0
Alcona,2010,26001,2,1.0
Alger,1982,26003,1,1.0
Alger,1984,26003,1,1.0
Alger,1987,26003,1,1.0
Alger,1988,26003,1,1.0
Alger,1994,26003,2,2.0
Alger,1995,26003,1,1.0
Alger,1999,26003,2,2.0
Alger,2005,26003,1,1.0
Alger,2006,26003,1,1.0
Alger,2012,26003,1,1.0
Alger,2014,26003,1,1.0
Allegan,1977,26005,1,1.0
Allegan,1978,26005,1,1.0
Allegan,1979,26005,2,2.0
Allegan,1980,26005,2,2.0
Allegan,1981,26005,1,1.0
Allegan,1982,26005,1,1.0
Allegan,1983,26005,2,2.0
Allegan,1984,26005,1,1.0
Allegan,1986,26005,4,3.0
Allegan,1987,26005,1,1.0
Allegan,1988,26005,3,3.0
Allegan,1989,26005,4,4.0
Allegan,1990,26005,2,2.0
Allegan,1993,26005,4,2.0
Allegan,1994,26005,1,1.0
Allegan,1995,26005,2,2.0
Allegan,1997,26005,2,2.0
Allegan,1998,26005,2,2.0
Allegan,1999,26005,4,4.0
Allegan,2000,26005,2,2.0
Allegan,2001,26005,2,2.0
Allegan,2002,26005,1,1.0
Allegan,2003,26005,1,1.0
Allegan,2004,26005,2,2.0
Allegan,2005,26005,2,1.0
Allegan,2007,26005,5,4.0
Allegan,2008,26005,1,1.0
Allegan,2009,26005,1,1.0
Allegan,2011,26005,1,1.0
Allegan,2012,26005,1,1.0
Allegan,2013,26005,2,1.0
Allegan,2014,26005,3,3.0
Allegan,2015,26005,5,5.0
Allegan,2016,26005,2,2.0
Alpena,1976,26007,1,0.0
Alpena,1978,26007,1,1.0
Alpena,1991,26007,3,3.0
Alpena,1993,26007,1,1.0
Alpena,1998,26007,1,1.0
Alpena,2001,26007,1,1.0
Alpena,2003,26007,3,2.0
Alpena,2004,26007,1,1.0
Alpena,2005,26007,2,2.0
Alpena,2006,26007,1,1.0
Alpena,2008,26007,1,0.0
Alpena,2009,26007,2,2.0
Alpena,2010,26007,2,2.0
Alpena,2012,26007,1,1.0
Alpena,2015,26007,1,1.0
Alpena,2016,26007,3,3.0
Antrim,1976,26009,2,2.0
Antrim,1982,26009,1,1.0
Antrim,1990,26009,1,1.0
Antrim,2001,26009,1,1.0
Antrim,2002,26009,1,0.0
Antrim,2006,26009,1,0.0
Antrim,2009,26009,1,1.0
Arenac,1976,26011,1,1.0
Arenac,1982,26011,1,1.0
Arenac,1993,26011,1,1.0
Arenac,1994,26011,1,1.0
Arenac,1997,26011,1,1.0
Arenac,1999,26011,1,1.0
Arenac,2002,26011,2,1.0
Arenac,2004,26011,2,2.0
Arenac,2016,26011,1,1.0
Baraga,1978,26013,1,1.0
Baraga,1991,26013,1,0.0
Baraga,1994,26013,1,1.0
Baraga,2009,26013,1,1.0
Barry,1976,26015,1,1.0
Barry,1978,26015,4,4.0
Barry,1981,26015,1,1.0
Barry,1982,26015,3,3.0
Barry,1984,26015,1,0.0
Barry,1985,26015,2,1.0
Barry,1986,26015,1,1.0
Barry,1987,26015,3,2.0
Barry,1988,26015,4,3.0
Barry,1989,26015,2,2.0
Barry,1992,26015,2,1.0
Barry,1994,26015,1,1.0
Barry,1995,26015,1,1.0
Barry,1996,26015,2,1.0
Barry,1997,26015,1,1.0
Barry,2000,26015,1,1.0
Barry,2002,26015,1,1.0
Barry,2003,26015,1,1.0
Barry,2004,26015,3,3.0
Barry,2007,26015,3,3.0
Barry,2008,26015,1,0.0
Barry,2011,26015,2,2.0
Barry,2013,26015,1,1.0
Barry,2015,26015,2,2.0
Barry,2016,26015,2,2.0
Bay,1977,26017,4,4.0
Bay,1978,26017,8,8.0
Bay,1979,26017,8,8.0
Bay,1980,26017,1,1.0
Bay,1981,26017,2,2.0
Bay,1983,26017,6,5.0
Bay,1984,26017,2,2.0
Bay,1985,26017,4,4.0
Bay,1987,26017,3,3.0
Bay,1989,26017,1,0.0
Bay,1990,26017,4,3.0
Bay,1991,26017,4,4.0
Bay,1992,26017,2,2.0
Bay,1994,26017,3,3.0
Bay,1995,26017,3,2.0
Bay,1996,26017,1,0.0
Bay,1998,26017,2,2.0
Bay,1999,26017,2,2.0
Bay,2000,26017,3,3.0
Bay,2001,26017,1,0.0
Bay,2002,26017,1,1.0
Bay,2003,26017,3,3.0
Bay,2004,26017,2,2.0
Bay,2005,26017,1,1.0
Bay,2006,26017,2,2.0
Bay,2007,26017,3,3.0
Bay,2008,26017,3,3.0
Bay,2009,26017,1,1.0
Bay,2010,26017,2,2.0
Bay,2011,26017,3,1.0
Bay,2012,26017,1,1.0
Bay,2013,26017,2,0.0
Bay,2014,26017,2,2.0
Bay,2015,26017,1,1.0
Bay,2016,26017,3,3.0
Benzie,1976,26019,1,1.0
Benzie,1980,26019,1,1.0
Benzie,1982,26019,1,1.0
Benzie,1984,26019,1,1.0
Benzie,1985,26019,3,3.0
Benzie,1988,26019,1,1.0
Benzie,1992,26019,1,1.0
Benzie,2003,26019,1,1.0
Benzie,2006,26019,2,2.0
Benzie,2009,26019,2,2.0
Benzie,2012,26019,1,1.0
Benzie,2013,26019,1,1.0
Benzie,2014,26019,1,1.0
Berrien,1976,26021,13,11.0
Berrien,1977,26021,14,14.0
Berrien,1978,26021,14,14.0
Berrien,1979,26021,11,9.0
Berrien,1980,26021,9,8.0
Berrien,1981,26021,15,10.0
Berrien,1982,26021,11,9.0
Berrien,1983,26021,3,2.0
Berrien,1984,26021,12,11.0
Berrien,1985,26021,8,7.0
Berrien,1986,26021,5,3.0
Berrien,1987,26021,13,12.0
Berrien,1988,26021,10,9.0
Berrien,1989,26021,11,8.0
Berrien,1990,26021,19,13.0
Berrien,1991,26021,8,7.0
Berrien,1992,26021,15,12.0
Berrien,1993,26021,11,11.0
Berrien,1994,26021,22,15.0
Berrien,1995,26021,22,18.0
Berrien,1996,26021,5,5.0
Berrien,1997,26021,5,4.0
Berrien,1998,26021,12,8.0
Berrien,1999,26021,13,9.0
Berrien,2000,26021,7,5.0
Berrien,2001,26021,10,9.0
Berrien,2002,26021,8,6.0
Berrien,2003,26021,5,3.0
Berrien,2004,26021,5,5.0
Berrien,2005,26021,5,5.0
Berrien,2006,26021,8,7.0
Berrien,2008,26021,2,1.0
Berrien,2009,26021,4,4.0
Berrien,2010,26021,5,5.0
Berrien,2011,26021,1,1.0
Berrien,2012,26021,3,3.0
Berrien,2013,26021,3,2.0
Berrien,2014,26021,3,3.0
Berrien,2015,26021,9,9.0
Berrien,2016,26021,10,10.0
Branch,1976,26023,2,2.0
Branch,1985,26023,2,1.0
Branch,1987,26023,1,1.0
Branch,1988,26023,1,1.0
Branch,1990,26023,1,1.0
Branch,1992,26023,2,2.0
Branch,1994,26023,2,2.0
Branch,1995,26023,1,1.0
Branch,1997,26023,1,1.0
Branch,1998,26023,1,1.0
Branch,1999,26023,3,1.0
Branch,2000,26023,2,0.0
Branch,2001,26023,2,2.0
Branch,2002,26023,1,1.0
Branch,2005,26023,1,1.0
Branch,2006,26023,1,1.0
Branch,2007,26023,4,3.0
Branch,2008,26023,1,1.0
Branch,2009,26023,3,2.0
Branch,2010,26023,2,2.0
Branch,2011,26023,1,1.0
Branch,2012,26023,1,1.0
Branch,2014,26023,1,1.0
Branch,2015,26023,1,0.0
Branch,2016,26023,1,1.0
Calhoun,1976,26025,9,6.0
Calhoun,1977,26025,16,6.0
Calhoun,1978,26025,6,5.0
Calhoun,1979,26025,7,7.0
Calhoun,1980,26025,12,9.0
Calhoun,1981,26025,11,9.0
Calhoun,1982,26025,9,6.0
Calhoun,1983,26025,11,7.0
Calhoun,1984,26025,8,7.0
Calhoun,1985,26025,11,7.0
Calhoun,1986,26025,14,11.0
Calhoun,1987,26025,12,9.0
Calhoun,1988,26025,11,5.0
Calhoun,1989,26025,11,10.0
Calhoun,1990,26025,7,4.0
Calhoun,1991,26025,19,15.0
Calhoun,1992,26025,10,10.0
Calhoun,1993,26025,10,9.0
Calhoun,1994,26025,2,1.0
Calhoun,1995,26025,13,8.0
Calhoun,1996,26025,14,9.0
Calhoun,1997,26025,8,6.0
Calhoun,1998,26025,4,3.0
Calhoun,1999,26025,10,8.0
Calhoun,2000,26025,7,7.0
Calhoun,2001,26025,6,4.0
Calhoun,2002,26025,7,4.0
Calhoun,2003,26025,3,2.0
Calhoun,2004,26025,9,8.0
Calhoun,2005,26025,7,5.0
Calhoun,2006,26025,13,11.0
Calhoun,2007,26025,8,8.0
Calhoun,2008,26025,6,5.0
Calhoun,2009,26025,15,12.0
Calhoun,2010,26025,8,8.0
Calhoun,2011,26025,8,6.0
Calhoun,2012,26025,13,10.0
Calhoun,2013,26025,1,1.0
Calhoun,2014,26025,6,6.0
Calhoun,2015,26025,4,4.0
Calhoun,2016,26025,7,5.0
Cass,1976,26027,1,1.0
Cass,1977,26027,2,2.0
Cass,1978,26027,2,2.0
Cass,1979,26027,3,2.0
Cass,1980,26027,3,3.0
Cass,1981,26027,1,1.0
Cass,1982,26027,2,2.0
Cass,1984,26027,3,3.0
Cass,1985,26027,2,2.0
Cass,1986,26027,4,2.0
Cass,1987,26027,1,1.0
Cass,1988,26027,1,0.0
Cass,1989,26027,3,3.0
Cass,1990,26027,1,1.0
Cass,1991,26027,2,2.0
Cass,1992,26027,2,2.0
Cass,1993,26027,2,2.0
Cass,1997,26027,2,2.0
Cass,1999,26027,1,1.0
Cass,2000,26027,5,5.0
Cass,2001,26027,2,2.0
Cass,2002,26027,2,0.0
Cass,2003,26027,1,1.0
Cass,2004,26027,1,1.0
Cass,2006,26027,1,1.0
Cass,2007,26027,3,2.0
Cass,2008,26027,2,2.0
Cass,2009,26027,2,2.0
Cass,2010,26027,2,2.0
Cass,2011,26027,1,0.0
Cass,2012,26027,3,3.0
Cass,2014,26027,1,1.0
Cass,2015,26027,2,2.0
Charlevoix,1976,26029,1,1.0
Charlevoix,1985,26029,1,1.0
Charlevoix,1994,26029,2,2.0
Charlevoix,2001,26029,2,2.0
Charlevoix,2004,26029,1,1.0
Charlevoix,2005,26029,1,1.0
Charlevoix,2006,26029,1,1.0
Charlevoix,2011,26029,1,1.0
Charlevoix,2015,26029,1,1.0
Charlevoix,2016,26029,1,1.0
Cheboygan,1976,26031,1,1.0
Cheboygan,1981,26031,2,2.0
Cheboygan,1985,26031,2,0.0
Cheboygan,1987,26031,1,1.0
Cheboygan,1988,26031,1,1.0
Cheboygan,1991,26031,3,3.0
Cheboygan,1997,26031,1,1.0
Cheboygan,2008,26031,1,1.0
Cheboygan,2011,26031,1,1.0
Chippewa,1977,26033,1,1.0
Chippewa,1979,26033,2,2.0
Chippewa,1980,26033,1,0.0
Chippewa,1981,26033,1,1.0
Chippewa,1982,26033,1,0.0
Chippewa,1983,26033,1,0.0
Chippewa,1985,26033,2,0.0
Chippewa,1986,26033,2,2.0
Chippewa,1989,26033,1,1.0
Chippewa,1990,26033,1,1.0
Chippewa,1991,26033,3,3.0
Chippewa,1992,26033,1,1.0
Chippewa,1993,26033,1,1.0
Chippewa,1999,26033,1,0.0
Chippewa,2001,26033,1,1.0
Chippewa,2002,26033,1,0.0
Chippewa,2003,26033,1,1.0
Chippewa,2005,26033,1,0.0
Chippewa,2007,26033,2,1.0
Chippewa,2011,26033,2,1.0
Chippewa,2012,26033,1,1.0
Chippewa,2013,26033,1,1.0
Chippewa,2015,26033,2,2.0
Clare,1976,26035,2,1.0
Clare,1977,26035,1,0.0
Clare,1979,26035,3,3.0
Clare,1982,26035,8,7.0
Clare,1983,26035,6,2.0
Clare,1984,26035,1,1.0
Clare,1987,26035,2,2.0
Clare,1994,26035,1,1.0
Clare,1996,26035,1,1.0
Clare,1997,26035,5,4.0
Clare,2000,26035,2,2.0
Clare,2001,26035,1,1.0
Clare,2002,26035,1,1.0
Clare,2004,26035,2,2.0
Clare,2007,26035,1,1.0
Clare,2011,26035,1,1.0
Clare,2013,26035,1,1.0
Clare,2015,26035,3,3.0
Clare,2016,26035,1,1.0
Clinton,1976,26037,2,0.0
Clinton,1977,26037,2,0.0
Clinton,1980,26037,1,1.0
Clinton,1981,26037,1,1.0
Clinton,1984,26037,1,1.0
Clinton,1985,26037,1,0.0
Clinton,1986,26037,2,2.0
Clinton,1988,26037,1,1.0
Clinton,1989,26037,2,1.0
Clinton,1991,26037,1,0.0
Clinton,1993,26037,1,1.0
Clinton,1998,26037,1,1.0
Clinton,2000,26037,1,1.0
Clinton,2001,26037,4,1.0
Clinton,2002,26037,1,1.0
Clinton,2005,26037,3,2.0
Clinton,2006,26037,2,0.0
Clinton,2007,26037,1,1.0
Clinton,2008,26037,1,1.0
Clinton,2010,26037,1,1.0
Clinton,2011,26037,6,4.0
Clinton,2012,26037,1,0.0
Clinton,2013,26037,2,1.0
Clinton,2014,26037,1,1.0
Clinton,2015,26037,2,2.0
Crawford,1978,26039,1,1.0
Crawford,1981,26039,1,1.0
Crawford,1988,26039,3,3.0
Crawford,1993,26039,1,1.0
Crawford,2001,26039,1,1.0
Crawford,2004,26039,1,1.0
Crawford,2011,26039,1,1.0
Crawford,2012,26039,1,1.0
Crawford,2013,26039,1,1.0
Delta,1977,26041,3,2.0
Delta,1978,26041,2,2.0
Delta,1979,26041,2,2.0
Delta,1980,26041,1,1.0
Delta,1981,26041,1,0.0
Delta,1982,26041,1,1.0
Delta,1985,26041,1,1.0
Delta,1986,26041,1,1.0
Delta,1987,26041,1,1.0
Delta,1994,26041,1,1.0
Delta,1995,26041,1,1.0
Delta,2000,26041,1,0.0
Delta,2003,26041,1,1.0
Delta,2007,26041,1,1.0
Delta,2011,26041,1,0.0
Delta,2014,26041,1,1.0
Dickinson,1978,26043,2,2.0
Dickinson,1979,26043,1,1.0
Dickinson,1981,26043,1,1.0
Dickinson,1982,26043,1,1.0
Dickinson,1990,26043,1,1.0
Dickinson,1995,26043,1,1.0
Dickinson,1997,26043,2,2.0
Dickinson,1999,26043,1,1.0
Dickinson,2004,26043,3,2.0
Dickinson,2008,26043,1,1.0
Eaton,1977,26045,4,3.0
Eaton,1979,26045,3,3.0
Eaton,1980,26045,5,4.0
Eaton,1981,26045,1,1.0
Eaton,1984,26045,2,2.0
Eaton,1985,26045,3,3.0
Eaton,1986,26045,1,1.0
Eaton,1988,26045,1,1.0
Eaton,1990,26045,1,1.0
Eaton,1993,26045,3,2.0
Eaton,1994,26045,4,4.0
Eaton,1997,26045,3,3.0
Eaton,1998,26045,1,0.0
Eaton,1999,26045,6,5.0
Eaton,2000,26045,1,1.0
Eaton,2003,26045,3,3.0
Eaton,2004,26045,1,0.0
Eaton,2005,26045,2,2.0
Eaton,2009,26045,1,0.0
Eaton,2011,26045,3,3.0
Eaton,2015,26045,4,4.0
Eaton,2016,26045,3,2.0
Emmet,1977,26047,1,1.0
Emmet,1978,26047,1,1.0
Emmet,1980,26047,1,1.0
Emmet,1982,26047,1,1.0
Emmet,1987,26047,1,1.0
Emmet,1992,26047,3,3.0
Emmet,2005,26047,2,2.0
Emmet,2010,26047,1,1.0
Emmet,2014,26047,1,0.0
Genesee,1976,26049,38,30.0
Genesee,1977,26049,51,40.0
Genesee,1978,26049,49,38.0
Genesee,1979,26049,49,37.0
Genesee,1980,26049,50,36.0
Genesee,1981,26049,42,29.0
Genesee,1982,26049,45,29.0
Genesee,1983,26049,41,31.0
Genesee,1984,26049,58,48.0
Genesee,1985,26049,58,45.0
Genesee,1986,26049,71,50.0
Genesee,1987,26049,65,40.0
Genesee,1988,26049,56,37.0
Genesee,1989,26049,65,35.0
Genesee,1990,26049,76,42.0
Genesee,1991,26049,61,33.0
Genesee,1992,26049,60,40.0
Genesee,1993,26049,56,33.0
Genesee,1994,26049,69,52.0
Genesee,1995,26049,54,41.0
Genesee,1996,26049,50,37.0
Genesee,1997,26049,30,25.0
Genesee,1998,26049,42,28.0
Genesee,1999,26049,53,26.0
Genesee,2000,26049,53,35.0
Genesee,2001,26049,51,32.0
Genesee,2002,26049,41,20.0
Genesee,2003,26049,36,24.0
Genesee,2004,26049,51,27.0
Genesee,2005,26049,57,30.0
Genesee,2006,26049,70,30.0
Genesee,2007,26049,39,15.0
Genesee,2008,26049,37,19.0
Genesee,2009,26049,46,18.0
Genesee,2010,26049,60,23.0
Genesee,2011,26049,70,31.0
Genesee,2012,26049,69,30.0
Genesee,2013,26049,60,36.0
Genesee,2014,26049,33,18.0
Genesee,2015,26049,53,14.0
Genesee,2016,26049,56,24.0
Gladwin,1976,26051,1,1.0
Gladwin,1978,26051,1,1.0
Gladwin,1982,26051,2,0.0
Gladwin,1984,26051,1,1.0
Gladwin,1986,26051,1,1.0
Gladwin,1989,26051,2,2.0
Gladwin,1993,26051,4,4.0
Gladwin,1999,26051,2,2.0
Gladwin,2009,26051,1,1.0
Gladwin,2010,26051,2,2.0
Gladwin,2012,26051,1,1.0
Gladwin,2015,26051,1,1.0
Gogebic,1978,26053,1,1.0
Gogebic,1990,26053,1,0.0
Gogebic,1991,26053,1,1.0
Gogebic,1992,26053,2,2.0
Gogebic,1997,26053,2,2.0
Gogebic,2000,26053,1,1.0
Gogebic,2007,26053,1,1.0
Gogebic,2010,26053,2,2.0
Gogebic,2012,26053,1,1.0
Gogebic,2013,26053,1,1.0
Gogebic,2014,26053,1,1.0
Grand Traverse,1978,26055,1,1.0
Grand Traverse,1979,26055,3,3.0
Grand Traverse,1982,26055,1,1.0
Grand Traverse,1983,26055,1,1.0
Grand Traverse,1989,26055,2,1.0
Grand Traverse,1990,26055,2,2.0
Grand Traverse,1993,26055,2,2.0
Grand Traverse,1997,26055,1,1.0
Grand Traverse,1998,26055,3,3.0
Grand Traverse,2001,26055,1,1.0
Grand Traverse,2002,26055,2,2.0
Grand Traverse,2007,26055,1,1.0
Grand Traverse,2008,26055,1,1.0
Grand Traverse,2010,26055,2,2.0
Grand Traverse,2012,26055,1,1.0
Grand Traverse,2014,26055,2,2.0
Grand Traverse,2015,26055,4,2.0
Grand Traverse,2016,26055,2,2.0
Gratiot,1982,26057,2,2.0
Gratiot,1983,26057,1,1.0
Gratiot,1984,26057,1,1.0
Gratiot,1996,26057,1,1.0
Gratiot,1997,26057,1,1.0
Gratiot,1998,26057,1,1.0
Gratiot,1999,26057,1,1.0
Gratiot,2003,26057,1,1.0
Gratiot,2005,26057,1,1.0
Gratiot,2006,26057,1,1.0
Gratiot,2013,26057,1,1.0
Gratiot,2014,26057,2,2.0
Gratiot,2016,26057,1,1.0
Hillsdale,1977,26059,2,2.0
Hillsdale,1979,26059,1,1.0
Hillsdale,1980,26059,3,3.0
Hillsdale,1981,26059,3,3.0
Hillsdale,1983,26059,1,0.0
Hillsdale,1985,26059,1,1.0
Hillsdale,1986,26059,4,2.0
Hillsdale,1988,26059,1,1.0
Hillsdale,1991,26059,1,1.0
Hillsdale,1992,26059,2,2.0
Hillsdale,1993,26059,3,3.0
Hillsdale,1994,26059,2,2.0
Hillsdale,1995,26059,3,3.0
Hillsdale,1997,26059,1,1.0
Hillsdale,1998,26059,1,1.0
Hillsdale,2001,26059,5,5.0
Hillsdale,2006,26059,2,2.0
Hillsdale,2009,26059,1,1.0
Hillsdale,2011,26059,1,1.0
Hillsdale,2015,26059,1,0.0
Hillsdale,2016,26059,1,1.0
Houghton,1976,26061,2,1.0
Houghton,1977,26061,4,4.0
Houghton,1979,26061,2,2.0
Houghton,1984,26061,1,1.0
Houghton,1991,26061,1,1.0
Houghton,1992,26061,1,0.0
Houghton,1995,26061,3,3.0
Houghton,1996,26061,1,1.0
Houghton,1997,26061,1,1.0
Houghton,1999,26061,1,1.0
Houghton,2002,26061,1,0.0
Houghton,2009,26061,4,4.0
Houghton,2011,26061,1,0.0
Houghton,2013,26061,1,1.0
Houghton,2014,26061,1,1.0
Houghton,2015,26061,1,1.0
Houghton,2016,26061,1,1.0
Huron,1976,26063,2,2.0
Huron,1978,26063,1,1.0
Huron,1984,26063,2,1.0
Huron,1985,26063,4,4.0
Huron,1990,26063,1,1.0
Huron,1991,26063,1,1.0
Huron,1992,26063,2,2.0
Huron,1997,26063,1,1.0
Huron,1999,26063,2,2.0
Huron,2006,26063,1,1.0
Huron,2007,26063,1,1.0
Huron,2008,26063,1,1.0
Huron,2011,26063,2,2.0
Huron,2013,26063,1,1.0
Ingham,1976,26065,9,8.0
Ingham,1977,26065,16,15.0
Ingham,1978,26065,12,12.0
Ingham,1979,26065,11,10.0
Ingham,1980,26065,7,4.0
Ingham,1981,26065,13,6.0
Ingham,1982,26065,9,7.0
Ingham,1983,26065,3,1.0
Ingham,1984,26065,28,22.0
Ingham,1985,26065,7,5.0
Ingham,1986,26065,7,2.0
Ingham,1987,26065,9,6.0
Ingham,1988,26065,13,10.0
Ingham,1989,26065,20,16.0
Ingham,1990,26065,14,13.0
Ingham,1991,26065,15,11.0
Ingham,1992,26065,13,11.0
Ingham,1993,26065,18,14.0
Ingham,1994,26065,12,8.0
Ingham,1995,26065,19,8.0
Ingham,1996,26065,12,10.0
Ingham,1997,26065,19,18.0
Ingham,1998,26065,12,7.0
Ingham,1999,26065,13,11.0
Ingham,2000,26065,17,15.0
Ingham,2001,26065,11,8.0
Ingham,2002,26065,11,10.0
Ingham,2003,26065,10,8.0
Ingham,2004,26065,19,15.0
Ingham,2005,26065,12,9.0
Ingham,2006,26065,9,9.0
Ingham,2007,26065,21,17.0
Ingham,2008,26065,12,7.0
Ingham,2009,26065,13,11.0
Ingham,2010,26065,13,10.0
Ingham,2011,26065,14,11.0
Ingham,2012,26065,14,8.0
Ingham,2013,26065,13,11.0
Ingham,2014,26065,14,13.0
Ingham,2015,26065,14,10.0
Ingham,2016,26065,13,9.0
Ionia,1977,26067,1,1.0
Ionia,1978,26067,1,1.0
Ionia,1980,26067,3,3.0
Ionia,1981,26067,2,1.0
Ionia,1982,26067,2,2.0
Ionia,1983,26067,2,2.0
Ionia,1985,26067,5,5.0
Ionia,1986,26067,3,3.0
Ionia,1988,26067,3,3.0
Ionia,1991,26067,1,1.0
Ionia,1993,26067,2,2.0
Ionia,1994,26067,1,1.0
Ionia,1995,26067,1,1.0
Ionia,1996,26067,2,2.0
Ionia,1998,26067,2,2.0
Ionia,2000,26067,2,1.0
Ionia,2001,26067,1,1.0
Ionia,2004,26067,1,1.0
Ionia,2005,26067,2,2.0
Ionia,2006,26067,1,1.0
Ionia,2008,26067,1,0.0
Ionia,2010,26067,1,0.0
Ionia,2011,26067,1,0.0
Ionia,2012,26067,1,1.0
Ionia,2013,26067,5,5.0
Ionia,2014,26067,3,3.0
Ionia,2016,26067,1,1.0
Iosco,1976,26069,2,1.0
Iosco,1978,26069,1,1.0
Iosco,1979,26069,2,2.0
Iosco,1980,26069,1,0.0
Iosco,1981,26069,3,3.0
Iosco,1983,26069,1,1.0
Iosco,1985,26069,2,2.0
Iosco,1986,26069,1,1.0
Iosco,1987,26069,2,2.0
Iosco,1988,26069,2,2.0
Iosco,1991,26069,1,1.0
Iosco,1992,26069,1,1.0
Iosco,1993,26069,1,0.0
Iosco,1994,26069,1,1.0
Iosco,1998,26069,2,2.0
Iosco,2002,26069,2,2.0
Iosco,2008,26069,1,0.0
Iosco,2013,26069,1,1.0
Iosco,2016,26069,1,1.0
Iron,1991,26071,3,1.0
Iron,2003,26071,1,1.0
Iron,2009,26071,1,1.0
Iron,2010,26071,1,1.0
Iron,2011,26071,1,1.0
Iron,2015,26071,2,1.0
Iron,2016,26071,1,1.0
Isabella,1976,26073,1,1.0
Isabella,1977,26073,2,2.0
Isabella,1978,26073,1,1.0
Isabella,1980,26073,1,1.0
Isabella,1981,26073,1,1.0
Isabella,1983,26073,2,1.0
Isabella,1984,26073,1,0.0
Isabella,1985,26073,1,1.0
Isabella,1986,26073,1,1.0
Isabella,1987,26073,1,1.0
Isabella,1988,26073,2,2.0
Isabella,1990,26073,2,2.0
Isabella,1991,26073,2,1.0
Isabella,1992,26073,1,1.0
Isabella,1993,26073,1,1.0
Isabella,1994,26073,1,1.0
Isabella,1996,26073,2,1.0
Isabella,2000,26073,1,1.0
Isabella,2001,26073,1,1.0
Isabella,2002,26073,3,3.0
Isabella,2003,26073,2,0.0
Isabella,2004,26073,1,1.0
Isabella,2005,26073,1,0.0
Isabella,2007,26073,1,1.0
Isabella,2010,26073,1,1.0
Isabella,2011,26073,3,2.0
Isabella,2012,26073,2,2.0
Isabella,2015,26073,1,1.0
Isabella,2016,26073,1,1.0
Jackson,1976,26075,5,2.0
Jackson,1977,26075,7,6.0
Jackson,1978,26075,10,7.0
Jackson,1979,26075,12,10.0
Jackson,1980,26075,8,6.0
Jackson,1981,26075,8,5.0
Jackson,1982,26075,5,4.0
Jackson,1983,26075,11,8.0
Jackson,1984,26075,5,5.0
Jackson,1985,26075,13,10.0
Jackson,1986,26075,16,11.0
Jackson,1987,26075,9,6.0
Jackson,1988,26075,7,5.0
Jackson,1989,26075,8,8.0
Jackson,1990,26075,4,3.0
Jackson,1991,26075,18,13.0
Jackson,1992,26075,5,4.0
Jackson,1993,26075,8,7.0
Jackson,1994,26075,6,6.0
Jackson,1995,26075,3,3.0
Jackson,1996,26075,9,5.0
Jackson,1997,26075,3,3.0
Jackson,1998,26075,10,7.0
Jackson,1999,26075,10,6.0
Jackson,2000,26075,3,2.0
Jackson,2001,26075,4,4.0
Jackson,2002,26075,8,8.0
Jackson,2003,26075,10,8.0
Jackson,2004,26075,4,3.0
Jackson,2005,26075,6,5.0
Jackson,2006,26075,7,6.0
Jackson,2007,26075,2,2.0
Jackson,2008,26075,5,5.0
Jackson,2009,26075,9,6.0
Jackson,2010,26075,10,9.0
Jackson,2011,26075,7,7.0
Jackson,2012,26075,7,6.0
Jackson,2013,26075,5,3.0
Jackson,2014,26075,11,8.0
Jackson,2015,26075,6,5.0
Jackson,2016,26075,9,8.0
Kalamazoo,1976,26077,7,5.0
Kalamazoo,1977,26077,6,6.0
Kalamazoo,1978,26077,8,8.0
Kalamazoo,1979,26077,8,7.0
Kalamazoo,1980,26077,3,2.0
Kalamazoo,1981,26077,3,3.0
Kalamazoo,1982,26077,8,7.0
Kalamazoo,1983,26077,3,2.0
Kalamazoo,1984,26077,8,6.0
Kalamazoo,1985,26077,7,7.0
Kalamazoo,1986,26077,6,6.0
Kalamazoo,1987,26077,9,5.0
Kalamazoo,1988,26077,17,11.0
Kalamazoo,1989,26077,13,10.0
Kalamazoo,1990,26077,12,9.0
Kalamazoo,1991,26077,13,13.0
Kalamazoo,1992,26077,3,1.0
Kalamazoo,1993,26077,11,10.0
Kalamazoo,1994,26077,13,9.0
Kalamazoo,1995,26077,10,7.0
Kalamazoo,1996,26077,9,8.0
Kalamazoo,1997,26077,2,2.0
Kalamazoo,1998,26077,7,5.0
Kalamazoo,1999,26077,11,10.0
Kalamazoo,2000,26077,17,15.0
Kalamazoo,2001,26077,8,6.0
Kalamazoo,2002,26077,11,9.0
Kalamazoo,2003,26077,5,5.0
Kalamazoo,2004,26077,4,2.0
Kalamazoo,2005,26077,7,7.0
Kalamazoo,2006,26077,6,6.0
Kalamazoo,2007,26077,11,7.0
Kalamazoo,2008,26077,3,3.0
Kalamazoo,2009,26077,8,8.0
Kalamazoo,2010,26077,13,12.0
Kalamazoo,2011,26077,4,4.0
Kalamazoo,2012,26077,13,13.0
Kalamazoo,2013,26077,11,10.0
Kalamazoo,2014,26077,7,7.0
Kalamazoo,2015,26077,10,9.0
Kalamazoo,2016,26077,17,17.0
Kalkaska,1976,26079,1,1.0
Kalkaska,1978,26079,1,1.0
Kalkaska,1989,26079,1,1.0
Kalkaska,1993,26079,1,1.0
Kalkaska,1996,26079,1,1.0
Kalkaska,2000,26079,1,1.0
Kalkaska,2008,26079,1,1.0
Kalkaska,2009,26079,3,3.0
Kalkaska,2011,26079,1,1.0
Kalkaska,2014,26079,2,2.0
Kent,1976,26081,14,10.0
Kent,1977,26081,18,12.0
Kent,1978,26081,15,12.0
Kent,1979,26081,19,11.0
Kent,1980,26081,35,22.0
Kent,1981,26081,28,19.0
Kent,1982,26081,27,15.0
Kent,1983,26081,25,22.0
Kent,1984,26081,30,22.0
Kent,1985,26081,22,20.0
Kent,1986,26081,28,17.0
Kent,1987,26081,20,15.0
Kent,1988,26081,29,25.0
Kent,1989,26081,21,15.0
Kent,1990,26081,23,19.0
Kent,1991,26081,28,25.0
Kent,1992,26081,22,16.0
Kent,1993,26081,41,25.0
Kent,1994,26081,28,26.0
Kent,1995,26081,30,20.0
Kent,1996,26081,27,18.0
Kent,1997,26081,27,22.0
Kent,1998,26081,30,29.0
Kent,1999,26081,13,6.0
Kent,2000,26081,18,16.0
Kent,2001,26081,15,9.0
Kent,2002,26081,13,13.0
Kent,2003,26081,20,18.0
Kent,2004,26081,20,19.0
Kent,2005,26081,15,9.0
Kent,2006,26081,24,17.0
Kent,2007,26081,23,17.0
Kent,2008,26081,18,10.0
Kent,2009,26081,13,10.0
Kent,2010,26081,14,9.0
Kent,2011,26081,14,9.0
Kent,2012,26081,22,17.0
Kent,2013,26081,20,12.0
Kent,2014,26081,18,17.0
Kent,2015,26081,16,11.0
Kent,2016,26081,19,19.0
Keweenaw,2003,26083,1,1.0
Lake,1978,26085,3,2.0
Lake,1981,26085,1,1.0
Lake,1989,26085,1,1.0
Lake,1990,26085,1,1.0
Lake,1991,26085,1,1.0
Lake,1998,26085,3,2.0
Lake,1999,26085,2,2.0
Lake,2000,26085,3,2.0
Lake,2001,26085,2,2.0
Lake,2002,26085,3,3.0
Lake,2006,26085,2,2.0
Lake,2008,26085,1,1.0
Lake,2011,26085,1,0.0
Lapeer,1976,26087,1,1.0
Lapeer,1979,26087,2,2.0
Lapeer,1981,26087,2,2.0
Lapeer,1982,26087,1,1.0
Lapeer,1983,26087,1,1.0
Lapeer,1984,26087,1,1.0
Lapeer,1985,26087,2,1.0
Lapeer,1986,26087,5,5.0
Lapeer,1987,26087,4,2.0
Lapeer,1988,26087,3,2.0
Lapeer,1989,26087,2,2.0
Lapeer,1990,26087,4,4.0
Lapeer,1991,26087,1,0.0
Lapeer,1992,26087,5,5.0
Lapeer,1994,26087,1,1.0
Lapeer,1995,26087,1,1.0
Lapeer,1997,26087,1,1.0
Lapeer,1998,26087,1,1.0
Lapeer,2001,26087,1,1.0
Lapeer,2002,26087,5,5.0
Lapeer,2003,26087,6,3.0
Lapeer,2004,26087,1,1.0
Lapeer,2005,26087,1,1.0
Lapeer,2006,26087,5,3.0
Lapeer,2010,26087,1,1.0
Lapeer,2011,26087,2,1.0
Lapeer,2014,26087,1,1.0
Lapeer,2016,26087,2,2.0
Leelanau,1991,26089,1,1.0
Leelanau,2002,26089,1,1.0
Leelanau,2004,26089,3,3.0
Leelanau,2009,26089,1,1.0
Lenawee,1976,26091,3,3.0
Lenawee,1977,26091,2,2.0
Lenawee,1979,26091,4,0.0
Lenawee,1980,26091,2,2.0
Lenawee,1981,26091,1,1.0
Lenawee,1982,26091,4,0.0
Lenawee,1984,26091,3,3.0
Lenawee,1986,26091,1,1.0
Lenawee,1987,26091,2,2.0
Lenawee,1989,26091,3,2.0
Lenawee,1991,26091,1,1.0
Lenawee,1992,26091,2,2.0
Lenawee,1994,26091,3,3.0
Lenawee,1995,26091,4,4.0
Lenawee,1996,26091,1,1.0
Lenawee,1997,26091,1,1.0
Lenawee,1998,26091,1,1.0
Lenawee,1999,26091,4,3.0
Lenawee,2001,26091,3,3.0
Lenawee,2002,26091,1,1.0
Lenawee,2003,26091,1,1.0
Lenawee,2004,26091,1,1.0
Lenawee,2006,26091,1,1.0
Lenawee,2007,26091,1,1.0
Lenawee,2008,26091,2,2.0
Lenawee,2011,26091,2,2.0
Lenawee,2012,26091,4,4.0
Lenawee,2013,26091,2,1.0
Lenawee,2014,26091,2,2.0
Lenawee,2015,26091,1,1.0
Livingston,1976,26093,1,1.0
Livingston,1977,26093,3,2.0
Livingston,1978,26093,4,1.0
Livingston,1979,26093,2,2.0
Livingston,1980,26093,3,3.0
Livingston,1981,26093,1,1.0
Livingston,1982,26093,6,5.0
Livingston,1983,26093,1,0.0
Livingston,1984,26093,2,2.0
Livingston,1985,26093,5,5.0
Livingston,1987,26093,3,3.0
Livingston,1988,26093,3,3.0
Livingston,1990,26093,2,2.0
Livingston,1991,26093,4,4.0
Livingston,1992,26093,3,3.0
Livingston,1993,26093,1,1.0
Livingston,1994,26093,1,1.0
Livingston,1997,26093,2,2.0
Livingston,1998,26093,3,3.0
Livingston,1999,26093,2,2.0
Livingston,2000,26093,3,3.0
Livingston,2001,26093,2,1.0
Livingston,2002,26093,5,4.0
Livingston,2003,26093,2,1.0
Livingston,2004,26093,2,2.0
Livingston,2005,26093,1,1.0
Livingston,2007,26093,3,3.0
Livingston,2009,26093,1,1.0
Livingston,2010,26093,2,2.0
Livingston,2011,26093,2,2.0
Livingston,2012,26093,1,1.0
Livingston,2013,26093,6,5.0
Livingston,2014,26093,2,2.0
Livingston,2016,26093,2,2.0
Luce,1981,26095,1,1.0
Luce,1986,26095,1,1.0
Luce,1987,26095,1,0.0
Luce,1990,26095,1,1.0
Luce,1993,26095,2,2.0
Luce,1997,26095,1,1.0
Luce,2002,26095,1,1.0
Mackinac,1981,26097,2,1.0
Mackinac,1988,26097,1,1.0
Mackinac,1992,26097,1,1.0
Mackinac,1995,26097,1,0.0
Mackinac,1999,26097,1,1.0
Mackinac,2014,26097,1,1.0
Macomb,1976,26099,16,15.0
Macomb,1977,26099,18,12.0
Macomb,1978,26099,24,21.0
Macomb,1979,26099,29,23.0
Macomb,1980,26099,26,20.0
Macomb,1981,26099,35,24.0
Macomb,1982,26099,17,15.0
Macomb,1983,26099,9,8.0
Macomb,1984,26099,18,14.0
Macomb,1985,26099,24,15.0
Macomb,1986,26099,21,15.0
Macomb,1987,26099,26,21.0
Macomb,1988,26099,20,14.0
Macomb,1989,26099,16,16.0
Macomb,1990,26099,33,27.0
Macomb,1991,26099,12,10.0
Macomb,1992,26099,19,17.0
Macomb,1993,26099,13,13.0
Macomb,1994,26099,18,18.0
Macomb,1995,26099,6,6.0
Macomb,1996,26099,16,12.0
Macomb,1997,26099,7,7.0
Macomb,1998,26099,11,9.0
Macomb,1999,26099,15,13.0
Macomb,2000,26099,17,15.0
Macomb,2001,26099,11,9.0
Macomb,2002,26099,15,13.0
Macomb,2003,26099,15,14.0
Macomb,2004,26099,16,14.0
Macomb,2005,26099,13,11.0
Macomb,2006,26099,19,16.0
Macomb,2007,26099,27,26.0
Macomb,2008,26099,12,10.0
Macomb,2009,26099,19,19.0
Macomb,2010,26099,20,19.0
Macomb,2011,26099,13,12.0
Macomb,2012,26099,4,4.0
Macomb,2013,26099,12,8.0
Macomb,2014,26099,14,13.0
Macomb,2015,26099,18,16.0
Macomb,2016,26099,13,10.0
Manistee,1976,26101,1,1.0
Manistee,1979,26101,1,1.0
Manistee,1980,26101,1,1.0
Manistee,1985,26101,1,1.0
Manistee,1986,26101,1,1.0
Manistee,1989,26101,2,2.0
Manistee,1990,26101,1,1.0
Manistee,1991,26101,1,1.0
Manistee,1993,26101,1,1.0
Manistee,1997,26101,1,1.0
Manistee,2002,26101,1,1.0
Manistee,2004,26101,1,1.0
Manistee,2005,26101,2,2.0
Manistee,2006,26101,1,1.0
Manistee,2007,26101,2,2.0
Manistee,2012,26101,1,1.0
Manistee,2013,26101,1,1.0
Marquette,1977,26103,2,2.0
Marquette,1978,26103,1,1.0
Marquette,1981,26103,2,1.0
Marquette,1982,26103,2,2.0
Marquette,1985,26103,4,3.0
Marquette,1986,26103,1,1.0
Marquette,1987,26103,1,1.0
Marquette,1988,26103,3,1.0
Marquette,1990,26103,1,1.0
Marquette,1992,26103,1,1.0
Marquette,1995,26103,1,1.0
Marquette,1996,26103,1,1.0
Marquette,1997,26103,1,1.0
Marquette,1999,26103,1,1.0
Marquette,2000,26103,3,2.0
Marquette,2003,26103,1,1.0
Marquette,2005,26103,2,1.0
Marquette,2006,26103,1,1.0
Marquette,2010,26103,3,3.0
Marquette,2011,26103,3,3.0
Marquette,2012,26103,2,2.0
Marquette,2013,26103,1,1.0
Marquette,2015,26103,3,3.0
Marquette,2016,26103,4,4.0
Mason,1976,26105,2,1.0
Mason,1979,26105,1,1.0
Mason,1985,26105,2,2.0
Mason,1988,26105,1,1.0
Mason,1990,26105,1,1.0
Mason,1993,26105,2,1.0
Mason,1995,26105,1,1.0
Mason,1997,26105,1,1.0
Mason,2004,26105,3,2.0
Mason,2005,26105,1,1.0
Mason,2006,26105,1,1.0
Mason,2007,26105,2,2.0
Mason,2012,26105,2,2.0
Mason,2013,26105,3,3.0
Mason,2014,26105,1,1.0
Mecosta,1980,26107,3,2.0
Mecosta,1982,26107,3,2.0
Mecosta,1983,26107,1,1.0
Mecosta,1984,26107,1,1.0
Mecosta,1989,26107,2,1.0
Mecosta,1993,26107,1,1.0
Mecosta,1998,26107,2,1.0
Mecosta,2000,26107,1,1.0
Mecosta,2002,26107,1,1.0
Mecosta,2003,26107,1,1.0
Mecosta,2004,26107,1,1.0
Mecosta,2005,26107,1,1.0
Mecosta,2011,26107,1,1.0
Mecosta,2013,26107,1,1.0
Menominee,1976,26109,4,4.0
Menominee,1977,26109,2,1.0
Menominee,1978,26109,1,1.0
Menominee,1979,26109,1,1.0
Menominee,1980,26109,1,1.0
Menominee,1981,26109,1,1.0
Menominee,1984,26109,1,1.0
Menominee,1985,26109,1,1.0
Menominee,1987,26109,2,2.0
Menominee,1988,26109,5,5.0
Menominee,1990,26109,1,1.0
Menominee,1991,26109,1,1.0
Menominee,1996,26109,1,1.0
Menominee,2001,26109,1,1.0
Menominee,2002,26109,1,1.0
Menominee,2005,26109,2,2.0
Menominee,2015,26109,1,1.0
Midland,1976,26111,2,2.0
Midland,1977,26111,1,1.0
Midland,1978,26111,1,1.0
Midland,1983,26111,3,1.0
Midland,1987,26111,3,3.0
Midland,1990,26111,1,0.0
Midland,1991,26111,1,0.0
Midland,1992,26111,2,2.0
Midland,1995,26111,2,0.0
Midland,1996,26111,2,2.0
Midland,2001,26111,4,4.0
Midland,2004,26111,1,1.0
Midland,2009,26111,5,5.0
Midland,2010,26111,1,1.0
Midland,2012,26111,2,2.0
Midland,2013,26111,3,3.0
Midland,2014,26111,1,1.0
Midland,2015,26111,2,2.0
Midland,2016,26111,1,1.0
Missaukee,1978,26113,1,0.0
Missaukee,1998,26113,1,1.0
Missaukee,2001,26113,1,1.0
Missaukee,2008,26113,1,1.0
Missaukee,2012,26113,2,2.0
Monroe,1976,26115,8,7.0
Monroe,1977,26115,8,8.0
Monroe,1978,26115,14,9.0
Monroe,1979,26115,3,3.0
Monroe,1980,26115,8,7.0
Monroe,1981,26115,4,3.0
Monroe,1982,26115,4,3.0
Monroe,1983,26115,7,4.0
Monroe,1984,26115,1,1.0
Monroe,1985,26115,3,1.0
Monroe,1986,26115,10,7.0
Monroe,1987,26115,5,5.0
Monroe,1988,26115,4,4.0
Monroe,1989,26115,5,4.0
Monroe,1990,26115,1,1.0
Monroe,1991,26115,6,5.0
Monroe,1992,26115,2,1.0
Monroe,1993,26115,2,2.0
Monroe,1994,26115,3,2.0
Monroe,1995,26115,8,8.0
Monroe,1996,26115,6,5.0
Monroe,1997,26115,1,1.0
Monroe,1999,26115,3,2.0
Monroe,2000,26115,6,4.0
Monroe,2001,26115,6,3.0
Monroe,2002,26115,4,3.0
Monroe,2003,26115,2,2.0
Monroe,2005,26115,2,2.0
Monroe,2006,26115,1,1.0
Monroe,2007,26115,1,1.0
Monroe,2008,26115,3,2.0
Monroe,2009,26115,5,2.0
Monroe,2010,26115,2,2.0
Monroe,2011,26115,3,3.0
Monroe,2012,26115,5,5.0
Monroe,2013,26115,5,5.0
Monroe,2014,26115,2,2.0
Monroe,2015,26115,3,2.0
Monroe,2016,26115,6,6.0
Montcalm,1976,26117,1,1.0
Montcalm,1978,26117,2,2.0
Montcalm,1980,26117,1,1.0
Montcalm,1981,26117,1,1.0
Montcalm,1982,26117,2,2.0
Montcalm,1983,26117,2,2.0
Montcalm,1984,26117,1,0.0
Montcalm,1986,26117,2,2.0
Montcalm,1987,26117,2,2.0
Montcalm,1988,26117,4,4.0
Montcalm,1989,26117,2,2.0
Montcalm,1990,26117,3,3.0
Montcalm,1991,26117,6,6.0
Montcalm,1992,26117,2,2.0
Montcalm,1993,26117,1,1.0
Montcalm,1995,26117,2,2.0
Montcalm,1996,26117,1,1.0
Montcalm,1997,26117,2,2.0
Montcalm,1998,26117,2,2.0
Montcalm,1999,26117,2,1.0
Montcalm,2000,26117,1,1.0
Montcalm,2001,26117,2,1.0
Montcalm,2002,26117,2,1.0
Montcalm,2004,26117,1,1.0
Montcalm,2006,26117,4,3.0
Montcalm,2007,26117,4,4.0
Montcalm,2008,26117,1,1.0
Montcalm,2009,26117,1,0.0
Montcalm,2010,26117,3,1.0
Montcalm,2011,26117,4,3.0
Montcalm,2012,26117,1,1.0
Montcalm,2015,26117,3,3.0
Montcalm,2016,26117,1,1.0
Montmorency,1982,26119,1,0.0
Montmorency,1992,26119,3,2.0
Montmorency,1993,26119,1,1.0
Montmorency,1997,26119,1,1.0
Montmorency,1998,26119,1,1.0
Montmorency,1999,26119,2,2.0
Montmorency,2005,26119,1,1.0
Montmorency,2008,26119,1,1.0
Montmorency,2010,26119,1,1.0
Montmorency,2011,26119,1,1.0
Montmorency,2015,26119,1,1.0
Muskegon,1976,26121,8,8.0
Muskegon,1977,26121,11,10.0
Muskegon,1978,26121,7,5.0
Muskegon,1979,26121,10,9.0
Muskegon,1980,26121,12,11.0
Muskegon,1981,26121,12,8.0
Muskegon,1982,26121,5,4.0
Muskegon,1983,26121,11,9.0
Muskegon,1984,26121,6,4.0
Muskegon,1985,26121,5,5.0
Muskegon,1986,26121,6,6.0
Muskegon,1987,26121,10,8.0
Muskegon,1988,26121,4,4.0
Muskegon,1989,26121,14,11.0
Muskegon,1990,26121,11,11.0
Muskegon,1991,26121,4,3.0
Muskegon,1992,26121,8,6.0
Muskegon,1993,26121,9,9.0
Muskegon,1994,26121,12,11.0
Muskegon,1995,26121,6,5.0
Muskegon,1996,26121,8,7.0
Muskegon,1997,26121,3,3.0
Muskegon,1998,26121,6,5.0
Muskegon,1999,26121,5,3.0
Muskegon,2000,26121,3,3.0
Muskegon,2001,26121,4,4.0
Muskegon,2002,26121,8,6.0
Muskegon,2003,26121,4,4.0
Muskegon,2004,26121,4,4.0
Muskegon,2005,26121,4,2.0
Muskegon,2006,26121,4,3.0
Muskegon,2007,26121,1,1.0
Muskegon,2008,26121,3,3.0
Muskegon,2009,26121,7,7.0
Muskegon,2010,26121,4,4.0
Muskegon,2011,26121,7,7.0
Muskegon,2012,26121,5,5.0
Muskegon,2013,26121,10,7.0
Muskegon,2014,26121,13,9.0
Muskegon,2015,26121,8,6.0
Muskegon,2016,26121,9,7.0
Newaygo,1979,26123,2,0.0
Newaygo,1980,26123,1,1.0
Newaygo,1981,26123,3,1.0
Newaygo,1983,26123,2,1.0
Newaygo,1987,26123,1,1.0
Newaygo,1989,26123,2,1.0
Newaygo,1991,26123,2,2.0
Newaygo,1992,26123,1,1.0
Newaygo,1993,26123,1,1.0
Newaygo,1994,26123,1,1.0
Newaygo,1995,26123,4,4.0
Newaygo,1997,26123,2,2.0
Newaygo,1998,26123,2,2.0
Newaygo,1999,26123,2,0.0
Newaygo,2000,26123,1,1.0
Newaygo,2001,26123,2,0.0
Newaygo,2002,26123,2,2.0
Newaygo,2003,26123,2,2.0
Newaygo,2004,26123,2,2.0
Newaygo,2005,26123,2,1.0
Newaygo,2006,26123,2,2.0
Newaygo,2007,26123,2,2.0
Newaygo,2009,26123,1,1.0
Newaygo,2010,26123,2,2.0
Newaygo,2011,26123,2,2.0
Newaygo,2012,26123,3,3.0
Newaygo,2013,26123,3,3.0
Newaygo,2014,26123,1,1.0
Newaygo,2015,26123,1,1.0
Newaygo,2016,26123,1,1.0
Oakland,1976,26125,48,30.0
Oakland,1977,26125,46,34.0
Oakland,1978,26125,39,24.0
Oakland,1979,26125,48,34.0
Oakland,1980,26125,32,23.0
Oakland,1981,26125,25,17.0
Oakland,1982,26125,31,26.0
Oakland,1983,26125,28,21.0
Oakland,1984,26125,35,23.0
Oakland,1985,26125,49,39.0
Oakland,1986,26125,29,20.0
Oakland,1987,26125,62,47.0
Oakland,1988,26125,42,27.0
Oakland,1989,26125,22,14.0
Oakland,1990,26125,23,21.0
Oakland,1991,26125,26,22.0
Oakland,1992,26125,31,23.0
Oakland,1993,26125,34,22.0
Oakland,1994,26125,22,18.0
Oakland,1995,26125,28,22.0
Oakland,1996,26125,17,12.0
Oakland,1997,26125,29,23.0
Oakland,1998,26125,22,14.0
Oakland,1999,26125,20,15.0
Oakland,2000,26125,23,18.0
Oakland,2001,26125,14,11.0
Oakland,2002,26125,30,28.0
Oakland,2003,26125,26,21.0
Oakland,2004,26125,15,9.0
Oakland,2005,26125,27,21.0
Oakland,2006,26125,21,17.0
Oakland,2007,26125,33,24.0
Oakland,2008,26125,37,20.0
Oakland,2009,26125,21,15.0
Oakland,2010,26125,29,23.0
Oakland,2011,26125,37,31.0
Oakland,2012,26125,34,26.0
Oakland,2013,26125,26,24.0
Oakland,2014,26125,20,19.0
Oakland,2015,26125,22,19.0
Oakland,2016,26125,30,21.0
Oceana,1977,26127,1,1.0
Oceana,1982,26127,1,0.0
Oceana,1983,26127,1,1.0
Oceana,1985,26127,1,1.0
Oceana,1986,26127,3,3.0
Oceana,1987,26127,1,1.0
Oceana,1990,26127,1,1.0
Oceana,1994,26127,1,1.0
Oceana,1996,26127,1,1.0
Oceana,1998,26127,1,0.0
Oceana,1999,26127,1,1.0
Oceana,2000,26127,2,1.0
Oceana,2002,26127,2,2.0
Oceana,2004,26127,4,4.0
Oceana,2005,26127,4,4.0
Oceana,2008,26127,1,1.0
Oceana,2012,26127,3,3.0
Oceana,2013,26127,1,1.0
Oceana,2016,26127,1,1.0
Ogemaw,1977,26129,2,1.0
Ogemaw,1980,26129,2,2.0
Ogemaw,1981,26129,1,1.0
Ogemaw,1982,26129,4,4.0
Ogemaw,1983,26129,1,1.0
Ogemaw,1985,26129,2,2.0
Ogemaw,1986,26129,1,1.0
Ogemaw,1987,26129,1,0.0
Ogemaw,1988,26129,1,1.0
Ogemaw,1989,26129,1,0.0
Ogemaw,1991,26129,1,1.0
Ogemaw,1992,26129,1,1.0
Ogemaw,1994,26129,1,1.0
Ogemaw,1997,26129,1,1.0
Ogemaw,1998,26129,1,1.0
Ogemaw,1999,26129,2,2.0
Ogemaw,2000,26129,1,0.0
Ogemaw,2002,26129,1,1.0
Ogemaw,2005,26129,1,1.0
Ogemaw,2014,26129,2,2.0
Ogemaw,2016,26129,1,1.0
Ontonagon,1985,26131,1,1.0
Ontonagon,1997,26131,1,1.0
Ontonagon,1998,26131,1,1.0
Ontonagon,2009,26131,1,1.0
Ontonagon,2014,26131,1,0.0
Osceola,1979,26133,1,0.0
Osceola,1980,26133,5,5.0
Osceola,1983,26133,1,0.0
Osceola,1984,26133,3,0.0
Osceola,1985,26133,1,1.0
Osceola,1986,26133,2,1.0
Osceola,1990,26133,2,2.0
Osceola,1991,26133,1,1.0
Osceola,1992,26133,2,2.0
Osceola,1996,26133,1,0.0
Osceola,1998,26133,1,0.0
Osceola,2004,26133,1,0.0
Osceola,2006,26133,1,0.0
Osceola,2007,26133,1,0.0
Osceola,2011,26133,2,2.0
Osceola,2015,26133,1,1.0
Oscoda,1976,26135,1,0.0
Oscoda,1980,26135,2,1.0
Oscoda,1985,26135,1,1.0
Oscoda,1986,26135,1,1.0
Oscoda,1997,26135,1,1.0
Oscoda,2002,26135,2,2.0
Oscoda,2004,26135,3,3.0
Oscoda,2008,26135,1,1.0
Oscoda,2009,26135,1,1.0
Oscoda,2012,26135,1,1.0
Oscoda,2015,26135,3,3.0
Otsego,1980,26137,2,2.0
Otsego,1982,26137,1,0.0
Otsego,1984,26137,1,1.0
Otsego,1986,26137,2,2.0
Otsego,1988,26137,2,2.0
Otsego,1991,26137,1,0.0
Otsego,1993,26137,1,1.0
Otsego,1994,26137,1,1.0
Otsego,1996,26137,3,3.0
Otsego,2001,26137,1,0.0
Otsego,2003,26137,1,1.0
Otsego,2007,26137,1,1.0
Otsego,2010,26137,2,2.0
Otsego,2016,26137,1,1.0
Ottawa,1976,26139,4,4.0
Ottawa,1977,26139,3,2.0
Ottawa,1978,26139,3,3.0
Ottawa,1979,26139,1,1.0
Ottawa,1980,26139,2,1.0
Ottawa,1982,26139,7,1.0
Ottawa,1983,26139,2,2.0
Ottawa,1984,26139,1,1.0
Ottawa,1985,26139,1,0.0
Ottawa,1986,26139,3,3.0
Ottawa,1987,26139,4,1.0
Ottawa,1988,26139,1,1.0
Ottawa,1989,26139,1,0.0
Ottawa,1991,26139,5,5.0
Ottawa,1992,26139,6,4.0
Ottawa,1993,26139,1,1.0
Ottawa,1994,26139,5,4.0
Ottawa,1995,26139,1,1.0
Ottawa,1996,26139,1,1.0
Ottawa,1997,26139,2,2.0
Ottawa,1998,26139,1,1.0
Ottawa,1999,26139,2,2.0
Ottawa,2000,26139,2,1.0
Ottawa,2001,26139,2,2.0
Ottawa,2002,26139,2,2.0
Ottawa,2003,26139,1,1.0
Ottawa,2004,26139,2,1.0
Ottawa,2005,26139,2,2.0
Ottawa,2006,26139,1,1.0
Ottawa,2007,26139,1,1.0
Ottawa,2008,26139,4,3.0
Ottawa,2009,26139,4,0.0
Ottawa,2011,26139,5,5.0
Ottawa,2012,26139,2,2.0
Ottawa,2014,26139,5,3.0
Ottawa,2015,26139,3,3.0
Ottawa,2016,26139,3,3.0
Presque Isle,1976,26141,1,1.0
Presque Isle,1978,26141,2,2.0
Presque Isle,1979,26141,3,2.0
Presque Isle,1981,26141,2,1.0
Presque Isle,1984,26141,1,1.0
Presque Isle,1991,26141,1,1.0
Presque Isle,1996,26141,1,0.0
Presque Isle,2010,26141,2,2.0
Presque Isle,2016,26141,1,1.0
Roscommon,1978,26143,1,1.0
Roscommon,1980,26143,1,1.0
Roscommon,1983,26143,1,1.0
Roscommon,1989,26143,2,2.0
Roscommon,1990,26143,1,0.0
Roscommon,1992,26143,1,1.0
Roscommon,1994,26143,1,1.0
Roscommon,1997,26143,1,1.0
Roscommon,1998,26143,1,1.0
Roscommon,1999,26143,1,1.0
Roscommon,2002,26143,1,1.0
Roscommon,2006,26143,1,0.0
Roscommon,2007,26143,2,1.0
Roscommon,2009,26143,1,1.0
Roscommon,2013,26143,1,1.0
Roscommon,2015,26143,1,1.0
Roscommon,2016,26143,1,0.0
Saginaw,1976,26145,35,30.0
Saginaw,1977,26145,26,23.0
Saginaw,1978,26145,30,20.0
Saginaw,1979,26145,31,21.0
Saginaw,1980,26145,26,21.0
Saginaw,1981,26145,23,19.0
Saginaw,1982,26145,27,22.0
Saginaw,1983,26145,27,21.0
Saginaw,1984,26145,20,10.0
Saginaw,1985,26145,23,17.0
Saginaw,1986,26145,25,20.0
Saginaw,1987,26145,35,29.0
Saginaw,1988,26145,29,22.0
Saginaw,1989,26145,26,23.0
Saginaw,1990,26145,39,28.0
Saginaw,1991,26145,33,20.0
Saginaw,1992,26145,39,26.0
Saginaw,1993,26145,31,25.0
Saginaw,1994,26145,29,22.0
Saginaw,1995,26145,25,20.0
Saginaw,1996,26145,19,13.0
Saginaw,1997,26145,14,11.0
Saginaw,1998,26145,22,11.0
Saginaw,1999,26145,17,11.0
Saginaw,2000,26145,9,8.0
Saginaw,2001,26145,17,12.0
Saginaw,2002,26145,19,14.0
Saginaw,2003,26145,19,7.0
Saginaw,2004,26145,24,9.0
Saginaw,2005,26145,24,6.0
Saginaw,2006,26145,28,13.0
Saginaw,2007,26145,12,8.0
Saginaw,2008,26145,20,5.0
Saginaw,2009,26145,14,10.0
Saginaw,2010,26145,7,5.0
Saginaw,2011,26145,14,10.0
Saginaw,2012,26145,30,10.0
Saginaw,2013,26145,36,22.0
Saginaw,2014,26145,16,13.0
Saginaw,2015,26145,8,4.0
Saginaw,2016,26145,18,9.0
Sanilac,1976,26151,1,0.0
Sanilac,1979,26151,1,1.0
Sanilac,1980,26151,1,1.0
Sanilac,1986,26151,2,2.0
Sanilac,1988,26151,1,1.0
Sanilac,1989,26151,2,1.0
Sanilac,1990,26151,2,1.0
Sanilac,1992,26151,2,2.0
Sanilac,1993,26151,1,1.0
Sanilac,1994,26151,2,1.0
Sanilac,1998,26151,5,4.0
Sanilac,2000,26151,1,1.0
Sanilac,2003,26151,2,2.0
Sanilac,2008,26151,2,2.0
Sanilac,2009,26151,1,0.0
Sanilac,2010,26151,1,1.0
Sanilac,2012,26151,1,1.0
Sanilac,2013,26151,1,1.0
Sanilac,2014,26151,2,2.0
Schoolcraft,1986,26153,1,1.0
Schoolcraft,1988,26153,1,1.0
Schoolcraft,2000,26153,1,0.0
Schoolcraft,2004,26153,1,1.0
Schoolcraft,2008,26153,1,1.0
Schoolcraft,2011,26153,2,2.0
Schoolcraft,2015,26153,2,2.0
Shiawassee,1976,26155,3,3.0
Shiawassee,1977,26155,4,4.0
Shiawassee,1978,26155,1,1.0
Shiawassee,1979,26155,3,3.0
Shiawassee,1980,26155,1,0.0
Shiawassee,1981,26155,1,1.0
Shiawassee,1985,26155,2,1.0
Shiawassee,1987,26155,3,3.0
Shiawassee,1990,26155,1,1.0
Shiawassee,1991,26155,3,3.0
Shiawassee,1992,26155,1,1.0
Shiawassee,1994,26155,1,1.0
Shiawassee,1995,26155,1,0.0
Shiawassee,1996,26155,2,2.0
Shiawassee,1998,26155,1,1.0
Shiawassee,1999,26155,1,0.0
Shiawassee,2000,26155,1,1.0
Shiawassee,2002,26155,1,1.0
Shiawassee,2003,26155,1,1.0
Shiawassee,2004,26155,1,1.0
Shiawassee,2006,26155,1,1.0
Shiawassee,2008,26155,1,1.0
Shiawassee,2009,26155,2,2.0
Shiawassee,2010,26155,1,1.0
Shiawassee,2012,26155,2,2.0
Shiawassee,2013,26155,1,1.0
Shiawassee,2015,26155,1,1.0
Shiawassee,2016,26155,1,1.0
Tuscola,1976,26157,1,1.0
Tuscola,1977,26157,6,6.0
Tuscola,1978,26157,1,1.0
Tuscola,1979,26157,1,1.0
Tuscola,1980,26157,2,1.0
Tuscola,1981,26157,5,5.0
Tuscola,1983,26157,1,1.0
Tuscola,1988,26157,1,1.0
Tuscola,1990,26157,4,4.0
Tuscola,1993,26157,1,0.0
Tuscola,1994,26157,2,2.0
Tuscola,1995,26157,2,2.0
Tuscola,1996,26157,2,2.0
Tuscola,1997,26157,2,2.0
Tuscola,2001,26157,1,1.0
Tuscola,2003,26157,2,2.0
Tuscola,2005,26157,1,1.0
Tuscola,2008,26157,1,1.0
Tuscola,2011,26157,1,1.0
Tuscola,2013,26157,2,1.0
Tuscola,2015,26157,1,1.0
Van Buren,1976,26159,1,1.0
Van Buren,1977,26159,4,3.0
Van Buren,1978,26159,3,2.0
Van Buren,1979,26159,2,0.0
Van Buren,1980,26159,3,3.0
Van Buren,1981,26159,1,1.0
Van Buren,1982,26159,4,4.0
Van Buren,1983,26159,2,2.0
Van Buren,1984,26159,3,3.0
Van Buren,1985,26159,5,5.0
Van Buren,1986,26159,7,5.0
Van Buren,1987,26159,8,5.0
Van Buren,1988,26159,7,4.0
Van Buren,1989,26159,3,3.0
Van Buren,1990,26159,4,1.0
Van Buren,1991,26159,3,3.0
Van Buren,1992,26159,5,3.0
Van Buren,1993,26159,5,3.0
Van Buren,1994,26159,4,4.0
Van Buren,1995,26159,6,6.0
Van Buren,1996,26159,2,2.0
Van Buren,1997,26159,4,4.0
Van Buren,1998,26159,8,7.0
Van Buren,1999,26159,6,6.0
Van Buren,2000,26159,2,2.0
Van Buren,2001,26159,3,2.0
Van Buren,2002,26159,8,2.0
Van Buren,2003,26159,3,3.0
Van Buren,2004,26159,1,1.0
Van Buren,2005,26159,3,1.0
Van Buren,2006,26159,3,3.0
Van Buren,2007,26159,4,3.0
Van Buren,2008,26159,3,3.0
Van Buren,2009,26159,3,3.0
Van Buren,2011,26159,2,2.0
Van Buren,2012,26159,1,1.0
Van Buren,2013,26159,2,2.0
Van Buren,2014,26159,2,2.0
Van Buren,2015,26159,2,2.0
Van Buren,2016,26159,6,6.0
Washtenaw,1976,26161,13,9.0
Washtenaw,1977,26161,8,6.0
Washtenaw,1978,26161,16,15.0
Washtenaw,1979,26161,9,6.0
Washtenaw,1980,26161,12,8.0
Washtenaw,1981,26161,15,13.0
Washtenaw,1982,26161,13,8.0
Washtenaw,1983,26161,12,8.0
Washtenaw,1984,26161,18,12.0
Washtenaw,1985,26161,15,14.0
Washtenaw,1986,26161,12,6.0
Washtenaw,1987,26161,21,16.0
Washtenaw,1988,26161,11,8.0
Washtenaw,1989,26161,7,5.0
Washtenaw,1990,26161,8,8.0
Washtenaw,1991,26161,10,9.0
Washtenaw,1992,26161,7,5.0
Washtenaw,1993,26161,16,10.0
Washtenaw,1994,26161,8,7.0
Washtenaw,1995,26161,11,8.0
Washtenaw,1996,26161,8,6.0
Washtenaw,1997,26161,12,9.0
Washtenaw,1998,26161,9,7.0
Washtenaw,1999,26161,10,8.0
Washtenaw,2000,26161,5,4.0
Washtenaw,2001,26161,17,16.0
Washtenaw,2002,26161,12,12.0
Washtenaw,2003,26161,8,2.0
Washtenaw,2004,26161,9,6.0
Washtenaw,2005,26161,8,5.0
Washtenaw,2006,26161,9,8.0
Washtenaw,2007,26161,7,7.0
Washtenaw,2008,26161,12,10.0
Washtenaw,2009,26161,8,8.0
Washtenaw,2010,26161,5,5.0
Washtenaw,2011,26161,8,8.0
Washtenaw,2012,26161,6,5.0
Washtenaw,2013,26161,11,11.0
Washtenaw,2014,26161,7,7.0
Washtenaw,2015,26161,7,5.0
Washtenaw,2016,26161,3,3.0
Wayne,1976,26163,792,543.0
Wayne,1977,26163,612,423.0
Wayne,1978,26163,583,421.0
Wayne,1979,26163,545,406.0
Wayne,1980,26163,669,481.0
Wayne,1981,26163,617,433.0
Wayne,1982,26163,604,374.0
Wayne,1983,26163,665,348.0
Wayne,1984,26163,609,331.0
Wayne,1985,26163,751,424.0
Wayne,1986,26163,753,466.0
Wayne,1987,26163,796,540.0
Wayne,1988,26163,711,502.0
Wayne,1989,26163,729,506.0
Wayne,1990,26163,676,451.0
Wayne,1991,26163,710,490.0
Wayne,1992,26163,682,418.0
Wayne,1993,26163,662,454.0
Wayne,1994,26163,643,461.0
Wayne,1995,26163,550,392.0
Wayne,1996,26163,484,319.0
Wayne,1997,26163,534,312.0
Wayne,1998,26163,483,292.0
Wayne,1999,26163,485,287.0
Wayne,2000,26163,452,279.0
Wayne,2001,26163,444,260.0
Wayne,2002,26163,446,234.0
Wayne,2003,26163,422,211.0
Wayne,2004,26163,430,221.0
Wayne,2005,26163,413,243.0
Wayne,2006,26163,468,279.0
Wayne,2007,26163,434,280.0
Wayne,2008,26163,341,193.0
Wayne,2009,26163,411,265.0
Wayne,2010,26163,366,223.0
Wayne,2011,26163,402,243.0
Wayne,2012,26163,457,275.0
Wayne,2013,26163,378,241.0
Wayne,2014,26163,361,240.0
Wayne,2015,26163,349,210.0
Wayne,2016,26163,350,163.0
Wexford,1976,26165,1,1.0
Wexford,1977,26165,2,2.0
Wexford,1979,26165,1,1.0
Wexford,1981,26165,1,1.0
Wexford,1982,26165,2,2.0
Wexford,1984,26165,2,2.0
Wexford,1987,26165,3,2.0
Wexford,1988,26165,3,3.0
Wexford,1990,26165,1,1.0
Wexford,1992,26165,1,1.0
Wexford,1993,26165,1,1.0
Wexford,1994,26165,2,2.0
Wexford,1996,26165,1,0.0
Wexford,1998,26165,3,3.0
Wexford,2003,26165,3,3.0
Wexford,2004,26165,1,1.0
Wexford,2006,26165,1,1.0
Wexford,2008,26165,2,2.0
Wexford,2013,26165,1,1.0
Wexford,2014,26165,1,1.0
